actions;focus;
#TOM - DECOUVERTE METIERS-SECTEURS;formation;
#TOM - RECRUTEMENT;emploi;
#TOM - PROMOTION OFFRE DE FORMATION;formation;
ACCELER'EMPLOI;emploi;
5 MINUTES POUR CONVAINCRE;emploi;
ACCOMPAGNEMENT A LA CREATION/REPRISE D'ENTREPRISE;emploi;X
ACCES CATALOGUE PE-PARTENAIRE;Emploi;X
ACCOMPAGNEMENT CSP NATIONAL;emploi;X
ACCOMPAGNEMENT CSP REGIONAL;Emploi;X
ACCOMPAGNEMENT DE TYPE TRAJECTOIRE EMPLOI;Emploi;X
ACCOMPAGNEMENT DE TYPE ATOUTS CADRES;Emploi;X
ACCOMPAGNEMENT DES ADHERENTS AU CSP REGIONAL;Emploi;X
ACCOMPAGNEMENT PAR CAP EMPLOI;Emploi;X
ACCOMPAGNEMENT DES ADHERENTS AU CSP NATIONAL;Emploi;X
ACCOMPAGNEMENT DES LICENCIES ECONOMIQUES;Emploi;X
ACCOMPAGNEMENT RECHERCHE;Emploi;X
ACCOMPAGNEMENT RENFORCE DES JEUNES DEMANDEURS D'EMPLOI;Emploi;X
ACCOMPAGNEMENT PAR MISSION LOCALE;Emploi;X
ACCOMPAGNEMENT PAR DEFENSE MOBILITE;Emploi;X
ACCOMPAGNEMENT SOCIAL;Emploi;X
ACCOMPAGNEMENT VERS ENTREPRISE;Emploi;X
ACCOMPAGNEMENT RENFORCE VERS L'EMPLOI;Emploi;X
ACCOMPAGNEMENT REVENU SOLIDARITE ACTIVE;Emploi;X
ACTIV'PROJET;formation;
ACTIV'CREA - EMERGENCE;emploi;
ACTION FINANCEE PAR ENVELOPPE UNIQUE REGIONALE;formation;
AGIR SUR LA VISIBILITE DU DEMANDEUR AUPRES DU RECR;emploi;X
AIDE AU PARCOURS VERS L'EMPLOI (ACCES A L'EMPLOI);Emploi;
AIDE A LA CREATION ENTREPRISE;Emploi;
AIDE EMBAUCHE EN CONTRAT DE PROFESSIONNALISATION;Emploi;
AIDE A LA FORMATION DU PARCOURS A L'EMPLOI;formation;
AIDES ET MESURES POUR L'EMPLOI;Emploi;
ANALYSER ET SELECTIONNER DES OFFRES D'EMPLOI;Emploi;
APPUI ET CONSEIL SUR LA RECHERCHE D'EMPLOI;Emploi;
ANI JEUNES MISSION LOCALE;emploi;X
ATELIER;Emploi;X
ATELIER CONSEIL;Emploi;X
APPUI ET CONSEIL SUR L'ORIENTATION PROF.;formation;
ATELIER MOBILITE VOSGES;Emploi;
AUTRE ACTION MISSION LOCALE;Emploi;X
AUTRE ACTION CAP EMPLOI;Emploi;X
AUTRE ACTION SOCIALE;Emploi;X
CANDIDATER SANS OE / DEVELOPPER RESEAUX SOCIAUX PRO;Emploi;
BILAN ACCOMPAGNEMENT MOBILITE;Emploi;
BILAN AFPA A MI CARRIERE;formation;
CEJ MISSION LOCALE;Emploi;X
CIBLER MA RECHERCHE D'EMPLOI;Emploi;
CIBLER LES ENTREPRISES;Emploi;
CHERCHER UN EMPLOI AVEC SON RESEAU;Emploi;
CIVIS CLASSIQUE;Emploi;X
CIVIS RENFORCE;Emploi;X
CLUB DE PROSPECTEURS D'EMPLOI;emploi;
CLUB DE CHERCHEURS D'EMPLOI;emploi;
CLUB INTENSIF JEUNES;emploi;
CONCEVOIR UN CV PERCUTANT;emploi;
COMMUNIQUER ET ECHANGER SUR INTERNET;emploi;
CONCEVOIR UN CV VIDEO PAR DE;emploi;
COACHING TELEPHONIQUE EPERNAY;emploi;
CONFIRMER SON PROJET PROFESSIONNEL;formation;
CONNAITRE ET COMPRENDRE MON MARCHE DU TRAVAIL;emploi;
CONNAITRE LES CONDITIONS D'UTILISATIONS D'INTERNET;emploi;
CONNAITRE ET EXPLOITER L'ENVIRONNEMENT PROF. DU SPECTACLE;emploi;
CONSTRUIRE SON PARCOURS DE FORMATION;formation;
CONSTRUIRE MON PROJET DE FORMATION;formation;
CONSEIL/ACCOMPAGNEMENT CREATION/REPRISE ENTREPRISE;emploi;
CONNEXION EMPLOI;emploi;
CONTACTER UNE STRUCTURE SOCIALE;emploi;X
CONTACTER LE PARTENAIRE;Emploi;X
CONTRAT D'INSERTION DANS LA VIE SOCIALE;Emploi;X
CONTRAT D'ENGAGEMENT JEUNE;emploi;
CONVAINCRE EN ENTRETIEN D'EMBAUCHE;emploi;
CONTRATS SPECIFIQUES;emploi;X
CREER SON ENTREPRISE, ENTREPRENDRE, POURQUOI PAS ?;emploi;
CPF;formation;X
DECOUVRIR ET M'APPROPRIER LES SERVICES DE POLE-EMPLOI.FR;emploi;
CSP;emploi;X
DECOUVRIR LE MARCHE DU TRAVAIL LOCAL;emploi;
CREER/METTRE EN FORME/MODIFIER UN DOCUMENT;emploi;
DEMANDE D'AIDE FINANCIERE;difficulté financière;
DEMARCHER LES ENTREPRISES DE FACON SPONTANEE;emploi;
DEMANDE D'AIDE FINANCIERE;difficulté financière;
DESTINATION EMPLOI  MODULES TECHNIQUES;emploi;
DEVELOPPER INCLUSION NUMERIQUE PUBLICENDIFFICULTE;emploi;
DEVELOPPER LA PRATIQUE DU NUMERIQUE AVEC POLE EMPLOI;emploi;
DIAGNOSTIC DE LA SITUATION PROFESSIONNELLE ET SOCIALE;emploi;X
DIAGNOSTIC MOBILITE;emploi;
DIAGNOSTIC MOBILITE 31;emploi;
DISPOSITIF DE FORMATION : ALTERNANCE;formation;
EDUCATION FINANCIERE DE ARDENNES;difficulté financière;
ECRIVAIN PUBLIC;;X
ELABORATION DU PARCOURS DE FORMATION PAR L'AFPA;formation;
ENVISAGER MON AVENIR PROFESSIONNEL;emploi;X
EMT CAP VERS L'ENTREPRISE;emploi;
EQUIP' EMPLOI;emploi;
EMT RENFORCEE JEUNES ZUS;emploi;
EVALUATION PAR SIMULATION PREALABLE A UN RECRUTEMENT;emploi;
EVALUATION DES CONNAISSANCES ET COMPETENCES PROFESSIONNELLES;emploi;
ERASMUS +;formation;
EVALUATION DU NIVEAU DE LANGUE ALLEMAND ANGLAIS FR;formation;
FAIRE LE POINT SUR MA RECHERCHE D'EMPLOI;emploi;
EVALUATION SOCLE CONNAISSANCES ET COMPETENCES PROFESSIONNELLES;emploi;
EVALUATION SUR PLATE-FORME DE VOCATION;formation;
EVALUATION SERVICE A LA PERSONNE;formation;
FAIRE SON CV POUR REPONDRE A OFFRE(PUBL.MAITRISANT PEU L'ECRIT);emploi;
FAIRE LE POINT SUR SA SITUATION ET SON ENVIRONNEMENT;emploi;
FAIRE LE POINT SUR MES COMPETENCES;emploi;
FAIRE LE POINT SUR SA RECHERCHE D'EMPLOI;emploi;
FORMATION REALISEE EN PARCOURS EMPLOI COMPETENCES;formation;
FOCUS COMPETENCES;emploi;
GARANTIE EUR. POUR LA JEUNESSE;emploi;
FINANCEMENTS;formation;
IDENTIFIER MES ATOUTS ET VALORISER MON PROJET PROFESSIONNEL;emploi;
GESTION DES DROITS;emploi;X
IDENTIFIER ATOUTS COMPETENCES (PASSEPORT ORIENTATION FORMATION);formation;
GARANTIE JEUNES;emploi;X
INFORMATION COLLECTIVE ACTIV'EMPLOI;emploi;
INFORMATION COLLECTIVE EVALUATION PAR SIMULATION;emploi;
IDENTIFIER SES ATOUTS ET SES COMPETENCES;emploi;
INFORMATION COLLECTIVE MOBILITE;emploi;
INFORMATION COLLECTIVE VALORISER SON IMAGE;emploi;
INFORMATION ET CONSEIL SUR LA MOBILISATION;emploi;
INFORMATION ET CONSEIL SUR LES AIDES;emploi;
INFORMATION ET CONSEIL SUR LES AIDES A L'EMPLOI;emploi;
INITIER SON EVOLUTION PROFESSIONNELLE;formation;
INFORMATION ET CONSEIL SUR LES FORMATIONS;formation;
INFORMATION ET CONSEIL SUR L'EVALUATION;emploi;
INFORMATION ET CONSEIL SUR LES OFFRES;emploi;
JEUNES SORTANT EMPLOI D'AVENIR;emploi;X
INTERMEDIATION JEUNE/ENTREPRISE;emploi;
INTERMEDIATION JEUNE/ORGANISME;formation;
JOB IMPRO;emploi;
KIT SECTORIEL METIERS DE L'ENFANCE, JEUNESSE ET LIEN SOCIAL;formation;
KIT SECTORIEL METIERS HOTELLERIE RESTAURATION;formation;
KIT SECTORIEL METIERS BATIMENT ET ENERGIE RENOUVELABLE;formation;
KIT SECTORIEL - METIERS DU NUMERIQUE;formation;
LE DIAGNOSTIC APPROFONDI;emploi;X
KIT SECTORIEL PERSONNES AGEES;formation;
KIT SECTORIEL METIERS TRANSPORT LOGISTIQUE;formation;
KIT SECTORIEL METIERS PRODUCTION ET FABRICATION ALIMENTAIRE;formation;
LICENCIES ECONOMIQUES;emploi;X
LE DIAGNOSTIC DE POSITIONNEMENT;Emploi;X
LE NUMERIQUE POUR TOUS;emploi;
LES CLES DE LA REUSSITE;emploi;
MARCHE DU TRAVAIL LOCAL;emploi;
MARCHE DU TRAVAIL SECTORIEL;emploi;
L'OFFRE DE SERVICE DE LA MODALITE SUI;emploi;X
MA RECHERCHE D'EMPLOI SUR INTERNET-WEB EMPLOI;Emploi;
ME PREPARER A UN ENTRETIEN D'EMBAUCHE;Emploi;
MARCHE DU TRAVAIL TRANSFRONTALIER;Emploi;
MER SUR DES FORMATIONS QUALIFIANTES;formation;
MER SUR DES FORMATIONS D'ADAPTATION A L'EMPLOI;formation;
MER SUR UNE OFFRE AUTRE;Emploi;X
MER SUR DES FORMATIONS-INSERTION;formation;
MER SUR DES PRESTATIONS D'ORIENTATION PROF;formation;
MER SUR DES PRESTATIONS DE MOBILISATION;Emploi;X
MER SUR UNE PRESTATION D'EVALUATION;Emploi;X
MER SUR UNE PRESTATION DE RECHERCHE D'EMPLOI;emploi;
MER SUR UNE OFFRE D'INTERIM;emploi;
MER SUR UNE OFFRE POLE EMPLOI;emploi;
METTRE A JOUR ET VALORISER VOTRE CV EN LIGNE;emploi;
METHODE DE RECHERCHE ET D'ANALYSE DE L'INFORMATION;emploi;
MES SOLUTIONS EMPLOI;emploi;
METHODE DE RECHERCHE ET D'ANALYSE;emploi;
MOBILISATION VERS L'EMPLOI NOUVEAUX MARCHES;emploi;
MOBILISATION VERS L'EMPLOI;emploi;
M'IMAGINER CREATEUR D'ENTREPRISE;emploi;
MOBILISER LE NUMERIQUE DANS SA RECHERCHE D'EMPLOI;emploi;
MOBILISER MES SERVICES NUMERIQUES POLE EMPLOI;emploi;
MOBILISER L'EMPLOI STORE DANS MA RECHERCHE D'EMPLOI;emploi;
MOBILITE INTERNATIONALE;emploi;
MOBILITE GEOGRAPHIQUE MOSELLE;emploi;
MON PROJET DE CREATION D'ENTREPRISE ET MOI;emploi;
MON PARCOURS POUR UN EMPLOI STABLE;emploi;
OBJECTIF EMPLOI DURABLE;emploi;
OBJECTIF ENTREPRISE;emploi;
OFFRE DE SERVICE PARTENARIALE;emploi;X
OFFRE DE SERVICE POLE EMPLO;emploi;X
OBJECTIF PROJET CREATION OU REPRISE D'ENTREPRISE;emploi;
OBTENIR UN TITRE OU UN DIPLOME PAR LA VAE;formation;
ORGANISER SA RECHERCHE D'EMPLOI;emploi;
ORGANISER MA RECHERCHE D'EMPLOI;emploi;
ORGANISER EFFICACEMENT MA RECHERCHE D'EMPLOI;emploi;
OFFRE DE SERVICES INTERNATIONALE;emploi;
ORIENTATION PROFESSIONNELLE SPECIALISEE;formation;X
ORGANISER SON PROJET CREATION/REPRISE ENTREPRISE;emploi;
ORGANISER SON PROJET DE CREATION D'ENTREPRISE;emploi;
ORGANISER SA RECHERCHE D'EMPLOI EN ANGLAIS;emploi;
OUTILLER MA CANDIDATURE;emploi;
PACE;emploi;X
PARCOURS EMPLOI SANTE;emploi;
ORIENTATION VERS L'APEC;emploi;
PARTICIPER A UN ATELIER DECIDER DE SE FORMER;formation;
"PARTICIPER A UNE PRESTATION "" CAP PROJET PROFESSIONNEL """;formation;
"PARTICIPER A UN ATELIER "" SIMULER UN ENTRETIEN D'EMBAUCHE """;emploi;
PARCOURS VALIDATION DES ACQUIS ET DE L EXPERIENCE INDIVIDUELLE;formation;
"PARTICIPER A UNE PRESTATION "" REGARDS CROISES """;formation;
"PARTICIPER A UNE PRESTATION "" OBJECTIF EMPLOI """;emploi;
"PARTICIPER A UNE PRESTATION "" CIBLE EMPLOI """;emploi;
"PARTICIPER A UNE PRESTATION "" DU DIPLOME A L'EMPLOI """;emploi;
"PARTICIPER A UNE PRESTATION "" STRATEGIE DE RECHERCHE D'EMPLOI """;emploi;
"PARTICIPER A UNE PRESTATION "" TRAJECTOIRE VERS L'EMPLOI """;emploi;
PASS IAE;emploi;
"PARTICIPER A UNE PRESTATION "" RENDEZ-VOUS REBOND """;formation;
PERIODE DE MISE EN SITUATION EN MILIEU PROFESSIONNEL;emploi;
PERSONNALISER SA DEMARCHE DE RECHERCHE D'EMPLOI;emploi;
PHASE 3 - REUSSITE APPRENTISSAGE;formation;
PHASE 2 - REUSSITE APPRENTISSAGE;formation;
PRENDRE CONTACT AVEC CAP EMPLOI;emploi;
PRENDRE CONTACT AVEC LA MISSION LOCALE OU LA PAIO;emploi;
PRENDRE CONTACT AVEC L'APEC;emploi;
PLATEFORME MOBILITE HAUTE-LOIRE;emploi;
PREPA COMPETENCES;formation;
PREPARER ET VALIDER LES ACQUIS DE L'EXPERIENCE;formation;
PREPARATION VAE PEC;formation;
PREPARATION ENTRETIEN ET CONSEIL EN IMAGE;emploi;
PREPARER UN ENTRETIEN;emploi;
PREPARER SON PROJET DE FORMATION;formation;
PREPARER LE CONTACT AVEC L'ENTREPRISE;emploi;
PREPARER SON PROJET DE FORMATION;formation;
PRESENTATION DES ORGANISMES ET DES FORMATIONS;formation;
PREPARER UNE CANDIDATURE SPONTANEE;emploi;
PRESENTATION CLUB;emploi;X
PRESENTATION +;emploi;X
PRESTATION ACTIV'EMPLOI;emploi;
PRESTATION ACTIV'CREA;emploi;
PRESTATION @INFORMATION COLLECTIVE;emploi;X
PRESENTATION DISPOSITIF REGIONAL;Emploi;X
PRESTATION ACTIV'PROJET;formation;
PRESTATION AFPA;formation;
PRESTATION D'ANALYSE DE CAPACITE;dif santé;
PRESTATION CAP VERS L'INSERTION;emploi;
PRESTATION ORIENTATION PROFESSIONNELLE SPECIALISEE MDPH;formation;
PRESTATION D'APPUI SPECIFIQUE;emploi;X
PRESTATION OPTIMISER MON CV;emploi;
PRESTATION HANDYNAMIQUE;emploi;
REALISER UN CV;emploi;
PROTECTION SOCIALE;dif santé;
REALISER MON CV;emploi;
PROFIL +;emploi;X
REPONDRE EFFICACEMENT A UNE OFFRE D'EMPLOI;Emploi;
REPONDRE A UNE OFFRE D'EMPLOI;Emploi;
REUSSIR MES ECHANGES AVEC POLE EMPLOI;Emploi;
RETOUR VERS L'EMPLOI;Emploi;
REUSSIR MON INTEGRATION EN ENTREPRISE;Emploi;
REUSSIR SON INTEGRATION DANS L'ENTREPRISE;Emploi;
REUSSIR SES ENTRETIENS EN VALORISANT SON IMAGE;Emploi;
REUSSIR SON ENTRETIEN COURT;Emploi;
SE FORMER, UN ATOUT POUR VOTRE RETOUR A L'EMPLOI;Formation;
SAVOIR CHOISIR SON ORGANISME DE FORMATION (CADRE AIF OU DIF);Formation;
S'ASSURER DE LA PERTINENCE DE SON PROJET PROFESSIONNEL;Formation;
SE FAMILIARISER AVEC LES EPREUVES DE SELECTION;Formation;
STRUCTURER MON PROJET DE CREATION D'ENTREPRISE;Emploi;
S'ORGANISER POUR TRAVAILLER A L'ETRANGER;Emploi;
SENIORS ET TOUJOURS ACTIFS;Emploi;
SERVICE MILITAIRE VOLONTAIRE;Formation;X
TOUTES LES CLES POUR MON EMPLOI DURABLE;Emploi;
SUIVI DELEGUE A UN PARTENAIRE NON INFORMATISE;Emploi;X
SUIVI DELEGUE A UN PARTENAIRE CO-TRAITANT;emploi;X
TRAVAILLER A L'ETRANGER POURQUOI PAS;emploi;
TRAVAILLER AU LUXEMBOURG;emploi;
TRAVAILLER AU CANADA;emploi;
TRAVAILLER DANS UN AUTRE PAYS : LE ROYAUME UNI;emploi;
TRAVAILLER A L'ETRANGER POURQUOI PAS ?;emploi;
TRAVAILLER EN BELGIQUE;emploi;
TRAVAILLER EN SUISSE;emploi;
TRAVAILLER EN ALLEMAGNE;emploi;
TREMPLIN CARRIERE;emploi;
TROUVER ET ANALYSER MES OFFRES D'EMPLOI;emploi;
TROUVER DES OFFRES;emploi;
UN ACCOMPAGNEMENT EN GROUPE POUR DEFINIR SON PROJET PROFESSIONN;formation;
TROUVER OE ET ORGANISER RECHERCHE (PUBL.MAITRISANT PEU L'ECRIT);emploi;
UN ACCOMPAGNEMENT INDIVIDUEL POUR DEFINIR SON PROJET PROFESSION;formation;
UN ACCOMPAGNEMENT INDIVIDUALISE;emploi;X
UN ACCOMPAGNEMENT EN GROUPE POUR REUSSIR SA RECHERCHE D'EMPLOI;emploi;
UN APPUI SOCIAL INDIVIDUALISE;emploi;X
UN ATELIER;emploi;X
UN ENVOI VERS UN AUTRE ORGANISME;emploi;X
UN BILAN DE COMPETENCES APPROFONDI;formation;
UN EMPLOI STABLE, C'EST POUR MOI;emploi;
UN PLAN LOCAL POUR L'INSERTION ET L'EMPLOI;emploi;
UN PROGRAMME D'ACCES A L'EMPLOI POUR LES JEUNES (TRACE);emploi;
UN PIJ MOBILITE DANS LE DOMAINE SUIVANT;formation;X
UN PROJET POUR UN EMPLOI;emploi;
UNE AUTRE ACTION D'AIDE A LA RECHERCHE D'EMPLOI;emploi;
UNE AUTRE ACTION SUR OFFRE D'EMPLOI;emploi;
UNE AUTRE ACTION D'AIDE A LA REALISATION DE PROJET;formation;
UNE EVALUATION DES COMPETENCES ET CAPACITES PROFESSIONNELLES;formation;
UNE EVALUATION DES HABILETES PAR SIMULATION;formation;
UNE EVALUATION EN MILIEU DE TRAVAIL PREALABLE AU RECRUTEMENT;emploi;
UNE EVALUATION EN MILIEU DE TRAVAIL;emploi;X
UNE EVALUATION PREALABLE A LA CREATION OU REPRISE D'ENTREPRISE;formation;
UNE FORMATION DANS LE DOMAINE SUIVANT;formation;
UNE INSERTION PAR L'ACTIVITE ECONOMIQU;emploi;
UNE INFORMATION COLLECTIVE;emploi;X
UNE INSERTION PAR L'ACTIVITE ECONOMIQUE;emploi;
UTILISER POLE-EMPLOI.FR;emploi;
UTILISER INTERNET ET SES SERVICES;emploi;
UTILISER INTERNET POUR SA RECHERCHE D'EMPLOI;emploi;
UTILISER DES RESEAUX SOCIAUX PROF. DS MA RECH. D'EMPLOI;emploi;
UTILISER UN EQUIPEMENT INFORMATIQUE;emploi;
"VAE COLLECTIVE "" DEMARCHE INTEGREE """;formation;
VALIDATION CERTIFICAT AUTRES ORGANISMES;formation;
UTILISER UN SERVICE DIGITAL;emploi;
VALIDATION DES ACQUIS ET DE L EXPERIENCE COLLECTIVE;formation;
VALORISER MON PROFIL SUR LES RESEAUX SOCIAUX;emploi;
VALORISER SON IMAGE;emploi;
VALIDATION TITRE MINISTERE DU TRAVAIL (AFPA);formation;X
VALORISER SON IMAGE PROFESSIONNELLE;emploi;
WIMOOV : ACC MOBILITE LEVER LES FREINS;;X
VOUS FORMER UN ATOUT POUR VOTRE RETOUR A L'EMPLOI;formation;
VERS LA MOBILITE EN AUTONOMIE;emploi;
VALORISER SON IMAGE ET SON E-IMAGE;emploi;
